
set foreign_key_checks = 0;

DELETE FROM cidade;
DELETE FROM cozinha;
DELETE FROM estado;
DELETE FROM forma_pagamento;
DELETE FROM grupo;
DELETE FROM grupo_permissao;
DELETE FROM permissao;
DELETE FROM restaurante;
DELETE FROM restaurante_forma_pagamento;
DELETE FROM usuario;
DELETE FROM usuario_grupo;

set foreign_key_checks = 1;

alter table cidade auto_increment = 1;
alter table cozinha auto_increment = 1;
alter table estado auto_increment = 1;
alter table forma_pagamento auto_increment = 1;
alter table grupo auto_increment = 1;
alter table permissao auto_increment = 1;
alter table restaurante auto_increment = 1;
alter table usuario auto_increment = 1;


insert into cozinha (id, nome)
values (1, 'Tailandesa');
insert into cozinha (id, nome)
values (2, 'Indiana');
insert into cozinha (id, nome)
values (3, 'Brasil');
insert into cozinha (id, nome)
values (4, 'Japonesa');

insert into estado (id, nome)
values (1, 'Minas Gerais');
insert into estado (id, nome)
values (2, 'São Paulo');
insert into estado (id, nome)
values (3, 'Ceará');

insert into cidade (id, nome, estado_id)
values (1, 'Uberlândia', 1);
insert into cidade (id, nome, estado_id)
values (2, 'Belo Horizonte', 1);
insert into cidade (id, nome, estado_id)
values (3, 'São Paulo', 2);
insert into cidade (id, nome, estado_id)
values (4, 'Campinas', 2);
insert into cidade (id, nome, estado_id)
values (5, 'Fortaleza', 3);


insert into restaurante (id, nome, taxa_frete, cozinha_id, data_cadastro, data_atualizacao, ativo)
values (2, 'Thai Delivery', 9.5, 1, utc_timestamp, utc_timestamp, true);
insert into restaurante (id, nome, taxa_frete, cozinha_id, data_cadastro, data_atualizacao, ativo)
values (1, 'Cozinha Mineira', 9.5, 1, utc_timestamp, utc_timestamp, true);
insert into restaurante (id, nome, taxa_frete, cozinha_id, data_cadastro, data_atualizacao, ativo)
values (3, 'Tuk Tuk Comida Indiana', 15, 2, utc_timestamp, utc_timestamp, true);
insert into restaurante (id, nome, taxa_frete, cozinha_id, data_cadastro, data_atualizacao, ativo)
values (4, 'Cozinha Goiana', 0, 3, utc_timestamp, utc_timestamp, true);

insert into forma_pagamento (id, descricao)
values (1, 'Cartão de crédito');
insert into forma_pagamento (id, descricao)
values (2, 'Cartão de débito');
insert into forma_pagamento (id, descricao)
values (3, 'Dinheiro');

insert into permissao (id, nome, descricao)
values (1, 'CONSULTAR_COZINHAS', 'Permite consultar cozinhas');
insert into permissao (id, nome, descricao)
values (2, 'EDITAR_COZINHAS', 'Permite editar cozinhas');

insert into restaurante_forma_pagamento (forma_pagamento_id, restaurante_id)
values (1, 1),
       (1, 2),
       (1, 3),
       (2, 1),
       (2, 2),
       (2, 3),
       (3, 1),
       (3, 2),
       (3, 3);

insert into produto (nome, descricao, preco, ativo, restaurante_id)
values ('Porco com molho agridoce', 'Deliciosa carne suína ao molho especial', 78.90, 1, 1);
insert into produto (nome, descricao, preco, ativo, restaurante_id)
values ('Camarão tailandês', '16 camarões grandes ao molho picante', 110, 1, 1);
insert into produto (nome, descricao, preco, ativo, restaurante_id)
values ('Salada picante com carne grelhada',
        'Salada de folhas com cortes finos de carne bovina grelhada e nosso molho especial de pimenta vermelha', 87.20,
        1, 2);
insert into produto (nome, descricao, preco, ativo, restaurante_id)
values ('Garlic Naan', 'Pão tradicional indiano com cobertura de alho', 21, 1, 3);
insert into produto (nome, descricao, preco, ativo, restaurante_id)
values ('Murg Curry', 'Cubos de frango preparados com molho curry e especiarias', 43, 1, 3);
insert into produto (nome, descricao, preco, ativo, restaurante_id)
values ('Bife Ancho', 'Corte macio e suculento, com dois dedos de espessura, retirado da parte dianteira do contrafilé',
        79, 1, 4);
insert into produto (nome, descricao, preco, ativo, restaurante_id)
values ('T-Bone',
        'Corte muito saboroso, com um osso em formato de T, sendo de um lado o contrafilé e do outro o filé mignon', 89,
        1, 4);